
{
    "mappingClasse2Representation3D": [
        {
            "classeObjetAMapper": "application.entities.Robot.Robot",
            "Representation3DAMapper": "application.entities.Robot.Representation3D.RobotRepresentation3D",
            "level4Trasparency": 5
        },
        {
            "classeObjetAMapper": "application.entities.Wall.Wall",
            "Representation3DAMapper": "application.entities.Wall.Representation3D.WallRepresentation3D",
            "level4Trasparency": 5
        }
    ],
    "frameparseconde": 25
}

